{
  "name": "Alcohol Info API",
  "displayName": "Alcohol Info API",
  "approvalType": "manual",
  "attributes": [
    {
      "name": "access",
      "value": "private"
    }
  ],
  "description": "Alcohol Info from Car Number",
  "environments": [
    "eval"
  ],
  "createdAt": "1715608945601",
  "lastModifiedAt": "1715608945601",
  "operationGroup": {
    "operationConfigs": [
      {
        "apiSource": "alcohol_info",
        "operations": [
          {
            "resource": "/",
            "methods": [
              "GET"
            ]
          }
        ],
        "quota": {}
      }
    ],
    "operationConfigType": "proxy"
  }
}
