[
  {
    "name": "Alcohol Info API",
    "displayName": "Alcohol Info API",
    "approvalType": "manual",
    "attributes": [
      {
        "name": "access",
        "value": "private"
      }
    ],
    "description": "Alcohol Info from Car Number",
    "environments": [
      "eval"
    ],
    "createdAt": "1715608945601",
    "lastModifiedAt": "1715608945601",
    "operationGroup": {
      "operationConfigs": [
        {
          "apiSource": "alcohol_info",
          "operations": [
            {
              "resource": "/",
              "methods": [
                "GET"
              ]
            }
          ],
          "quota": {}
        }
      ],
      "operationConfigType": "proxy"
    }
  },
  {
    "name": "Alcohol Info with Car Status API",
    "displayName": "Alcohol Info with Car Status API",
    "approvalType": "manual",
    "attributes": [
      {
        "name": "access",
        "value": "private"
      }
    ],
    "description": "Combine the Alcohol Info with Car Status ",
    "environments": [
      "eval"
    ],
    "createdAt": "1715672055924",
    "lastModifiedAt": "1715672055924",
    "operationGroup": {
      "operationConfigs": [
        {
          "apiSource": "alcohol_info_with_carstatus",
          "operations": [
            {
              "resource": "/",
              "methods": [
                "GET"
              ]
            }
          ],
          "quota": {}
        }
      ],
      "operationConfigType": "proxy"
    }
  },
  {
    "name": "CarStatus",
    "displayName": "Car Status API",
    "approvalType": "manual",
    "attributes": [
      {
        "name": "access",
        "value": "private"
      }
    ],
    "description": "Get Car Current Status ",
    "environments": [
      "eval"
    ],
    "quota": "20",
    "quotaInterval": "1",
    "quotaTimeUnit": "minute",
    "createdAt": "1715566223209",
    "lastModifiedAt": "1715566223209",
    "operationGroup": {
      "operationConfigs": [
        {
          "apiSource": "car_status",
          "operations": [
            {
              "resource": "/",
              "methods": [
                "GET"
              ]
            }
          ],
          "quota": {
            "limit": "20",
            "interval": "1",
            "timeUnit": "minute"
          }
        }
      ],
      "operationConfigType": "proxy"
    }
  },
  {
    "name": "Login",
    "displayName": "Login API",
    "approvalType": "manual",
    "attributes": [
      {
        "name": "access",
        "value": "private"
      }
    ],
    "description": "Help with Login to Get JWT Token",
    "environments": [
      "eval"
    ],
    "quota": "20",
    "quotaInterval": "1",
    "quotaTimeUnit": "minute",
    "createdAt": "1715484757830",
    "lastModifiedAt": "1715579725716",
    "operationGroup": {
      "operationConfigs": [
        {
          "apiSource": "login",
          "operations": [
            {
              "resource": "/",
              "methods": [
                "POST"
              ]
            }
          ],
          "quota": {
            "limit": "10",
            "interval": "1",
            "timeUnit": "minute"
          }
        }
      ],
      "operationConfigType": "proxy"
    }
  }
]
