{
  "max.chen@hkmci.com": [
    {
      "apiProducts": [
        "Alcohol Info API",
        "CarStatus",
        "Login",
        "Alcohol Info with Car Status API"
      ],
      "consumerKey": "3Am3S2uYvv8uNbaeTYDk3EW3Joa5SJI4HqQiHY2FKc5GLWnx",
      "consumerSecret": "ANS4KCqYJoHJSwisuzHjAb4wK8ANagHaoYAjvrQLu3g4lwAmAjGqqA6q9IzEpKsz",
      "expiresAt": "-1",
      "issuedAt": "1715655174337",
      "status": "approved",
      "name": "Max App"
    }
  ],
  "maxwellchen1126@gmail.com": [
    {
      "apiProducts": [
        "CarStatus",
        "Login"
      ],
      "consumerKey": "378y9pTWokAhKAVVOypXLCir6Sj5WAZB5mGQfxDgbCa0Gbdf",
      "consumerSecret": "SpqXjqGwUp2BLjU8KxPiBPNanFpXq0GUO9QmY2G5FAVwokeNORc32QlUOp3CMN99",
      "expiresAt": "-1",
      "issuedAt": "1715745443200",
      "status": "approved",
      "name": "Max App 2"
    },
    {
      "apiProducts": [
        "CarStatus",
        "Login"
      ],
      "consumerKey": "YZvHbymzs3f0oLmVZ0gR33m42epj3P0z",
      "consumerSecret": "DLtUtot7rLiyU0of",
      "expiresAt": "-1",
      "issuedAt": "1715775703675",
      "status": "revoked",
      "name": "Max App 2"
    }
  ],
  "test1@gmail.com": [
    {
      "apiProducts": [
        "CarStatus",
        "Login"
      ],
      "consumerKey": "FVJZvbyXFWGWrAxStF3voG2XR7zFDrS7KQAFhcSsjSkVITHk",
      "consumerSecret": "H6kvYSIqKFnWJ03UixzP2GNplxzP5IGTjHF43Z31zpoOUo3b2wRSJqnvMQRfD82k",
      "expiresAt": "-1",
      "issuedAt": "1715485372038",
      "status": "approved",
      "name": "apigee_test1_app"
    }
  ],
  "test2@gmail.com": [
    {
      "apiProducts": [
        "Alcohol Info API",
        "CarStatus",
        "Login",
        "Alcohol Info with Car Status API"
      ],
      "consumerKey": "yUAm4kMerP059qw1qlAtibiuGypO3bd3q2681RcGLUWLqSTJ",
      "consumerSecret": "Q57Js8bRz33SJ0zSdWMbfhdRB1Ldzawb40tR6pm5GlNrH1d6hVuVcKhqzXES2rGa",
      "expiresAt": "-1",
      "issuedAt": "1715531269455",
      "status": "approved",
      "name": "TestApp2"
    }
  ]
}
